"1,30,0"
"1,85,0"
"1,235,0"
"1,273,0"
"1,671,0"
"1,100,1"
"1,228,1"
"1,316,1"
"1,524,1"
"1,544,1"
"1,63,2"
"1,196,2"
"1,296,2"
"1,350,2"
"1,366,2"
"1,457,2"
"1,656,2"
"1,658,2"
"1,767,2"
"1,782,2"
"1,786,2"
"1,31,3"
"1,163,3"
"1,201,3"
"1,619,3"
"1,643,3"
"1,759,3"
"1,27,4"
"1,156,4"
"1,197,4"
"1,216,4"
"1,542,4"
"1,646,4"
"1,653,4"
"1,692,4"
"1,798,4"
"1,21,5"
"1,136,5"
"1,312,5"
"1,315,5"
"1,645,5"
"1,671,5"
"1,745,5"
"1,72,6"
"1,92,6"
"1,153,6"
"1,292,6"
"1,346,6"
"1,362,6"
"1,424,6"
"1,497,6"
"1,543,6"
"1,64,7"
"1,109,7"
"1,211,7"
"1,297,7"
"1,390,7"
"1,632,7"
"1,157,8"
"1,267,8"
"1,409,8"
"1,471,8"
"1,485,8"
"1,584,8"
"1,616,8"
"1,641,8"
"1,682,8"
"1,692,8"
"1,771,8"
"1,67,9"
"1,353,9"
"1,610,9"
"1,698,9"
"1,720,9"
"1,25,10"
"1,111,10"
"1,204,10"
"1,252,10"
"1,370,10"
"1,637,10"
"1,726,10"
"1,105,11"
"1,189,11"
"1,299,11"
"1,311,11"
"1,440,11"
"1,525,11"
"1,540,11"
"1,701,11"
"1,781,11"
"1,48,12"
"1,60,12"
"1,151,12"
"1,321,12"
"1,374,12"
"1,429,12"
"1,548,12"
"1,561,12"
"1,678,12"
"1,386,13"
"1,452,13"
"1,453,13"
"1,582,13"
"1,9,14"
"1,59,14"
"1,118,14"
"1,122,14"
"1,198,14"
"1,334,14"
"1,521,14"
"1,599,14"
"1,602,14"
"1,644,14"
"1,683,14"
"1,44,15"
"1,83,15"
"1,95,15"
"1,449,15"
"1,514,15"
"1,641,15"
"1,11,16"
"1,34,16"
"1,307,16"
"1,321,16"
"1,373,16"
"1,582,16"
"1,609,16"
"1,689,16"
"1,721,16"
"1,2,17"
"1,34,17"
"1,208,17"
"1,227,17"
"1,266,17"
"1,272,17"
"1,275,17"
"1,279,17"
"1,332,17"
"1,570,17"
"1,783,17"
"1,178,18"
"1,188,18"
"1,192,18"
"1,283,18"
"1,346,18"
"1,359,18"
"1,488,18"
"1,541,18"
"1,659,18"
"1,679,18"
"1,704,18"
"1,84,19"
"1,142,19"
"1,152,19"
"1,165,19"
"1,230,19"
"1,485,19"
"1,588,19"
"1,17,20"
"1,151,20"
"1,193,20"
"1,216,20"
"1,302,20"
"1,320,20"
"1,508,20"
"1,579,20"
"1,390,21"
"1,463,21"
"1,517,21"
"1,613,21"
"1,748,21"
"1,287,22"
"1,561,22"
"1,621,22"
"1,652,22"
"1,123,23"
"1,257,23"
"1,298,23"
"1,323,23"
"1,344,23"
"1,400,23"
"1,457,23"
"1,486,23"
"1,543,23"
"1,609,23"
"1,654,23"
"1,691,23"
"1,794,23"
"1,172,24"
"1,230,24"
"1,250,24"
"1,312,24"
"1,378,24"
"1,653,24"
"1,704,24"
"1,767,24"
"1,792,24"
"1,64,25"
"1,145,25"
"1,301,25"
"1,497,25"
"1,776,25"
"1,355,26"
"1,369,26"
"1,474,26"
"1,492,26"
"1,591,26"
"1,611,26"
"1,635,26"
"1,650,26"
"1,760,26"
"1,13,27"
"1,125,27"
"1,192,27"
"1,223,27"
"1,230,27"
"1,319,27"
"1,375,27"
"1,443,27"
"1,530,27"
"1,702,27"
"1,70,28"
"1,87,28"
"1,137,28"
"1,218,28"
"1,240,28"
"1,281,28"
"1,340,28"
"1,371,28"
"1,645,28"
"1,799,28"
"1,406,29"
"1,480,29"
"1,490,29"
"1,586,29"
"1,624,29"
"1,687,29"
"1,732,29"
"1,753,29"
"1,6,30"
"1,24,30"
"1,200,30"
"1,213,30"
"1,335,30"
"1,356,30"
"1,479,30"
"1,604,30"
"1,66,31"
"1,85,31"
"1,220,31"
"1,324,31"
"1,424,31"
"1,566,31"
"1,685,31"
"1,704,31"
"1,16,32"
"1,141,32"
"1,295,32"
"1,453,32"
"1,625,32"
"1,632,32"
"1,730,32"
"1,772,32"
"1,61,33"
"1,69,33"
"1,228,33"
"1,556,33"
"1,587,33"
"1,648,33"
"1,709,33"
"1,257,34"
"1,592,34"
"1,786,34"
"1,28,35"
"1,88,35"
"1,379,35"
"1,502,35"
"1,577,35"
"1,601,35"
"1,638,35"
"1,676,35"
"1,754,35"
"1,54,36"
"1,457,36"
"1,507,36"
"1,577,36"
"1,587,36"
"1,659,36"
"1,762,36"
"1,114,37"
"1,162,37"
"1,306,37"
"1,347,37"
"1,454,37"
"1,564,37"
"1,636,37"
"1,693,37"
"1,714,37"
"1,742,37"
"1,57,38"
"1,90,38"
"1,146,38"
"1,191,38"
"1,208,38"
"1,355,38"
"1,403,38"
"1,442,38"
"1,458,38"
"1,492,38"
"1,496,38"
"1,572,38"
"1,587,38"
"1,716,38"
"1,33,39"
"1,103,39"
"1,130,39"
"1,221,39"
"1,230,39"
"1,256,39"
"1,354,39"
"1,517,39"
"1,654,39"
"1,210,40"
"1,294,40"
"1,398,40"
"1,648,40"
"1,702,40"
"1,791,40"
"1,52,41"
"1,120,41"
"1,191,41"
"1,236,41"
"1,345,41"
"1,407,41"
"1,467,41"
"1,549,41"
"1,640,41"
"1,56,42"
"1,156,42"
"1,264,42"
"1,276,42"
"1,309,42"
"1,445,42"
"1,745,42"
"1,754,42"
"1,178,43"
"1,200,43"
"1,420,43"
"1,429,43"
"1,542,43"
"1,594,43"
"1,791,43"
"1,2,44"
"1,3,44"
"1,98,44"
"1,263,44"
"1,365,44"
"1,402,44"
"1,414,44"
"1,501,44"
"1,516,44"
"1,719,44"
"1,3,45"
"1,9,45"
"1,71,45"
"1,144,45"
"1,237,45"
"1,257,45"
"1,584,45"
"1,627,45"
"1,776,45"
"1,788,45"
"1,11,46"
"1,106,46"
"1,142,46"
"1,235,46"
"1,611,46"
"1,633,46"
"1,655,46"
"1,674,46"
"1,707,46"
"1,170,47"
"1,174,47"
"1,215,47"
"1,376,47"
"1,461,47"
"1,497,47"
"1,712,47"
"1,62,48"
"1,277,48"
"1,346,48"
"1,353,48"
"1,379,48"
"1,438,48"
"1,464,48"
"1,529,48"
"1,773,48"
"1,1,49"
"1,113,49"
"1,118,49"
"1,163,49"
"1,284,49"
"1,524,49"
"1,574,49"
"1,647,49"
"1,675,49"
"1,784,49"
"1,35,50"
"1,110,50"
"1,251,50"
"1,275,50"
"1,498,50"
"1,538,50"
"1,621,50"
"1,661,50"
"1,672,50"
"1,104,51"
"1,185,51"
"1,382,51"
"1,418,51"
"1,592,51"
"1,632,51"
"1,715,51"
"1,776,51"
"1,4,52"
"1,13,52"
"1,92,52"
"1,304,52"
"1,342,52"
"1,475,52"
"1,483,52"
"1,597,52"
"1,625,52"
"1,673,52"
"1,709,52"
"1,796,52"
"1,0,53"
"1,113,53"
"1,243,53"
"1,249,53"
"1,285,53"
"1,396,53"
"1,425,53"
"1,452,53"
"1,586,53"
"1,614,53"
"1,719,53"
"1,791,53"
"1,793,53"
"1,89,54"
"1,197,54"
"1,261,54"
"1,541,54"
"1,732,54"
"1,775,54"
"1,21,55"
"1,54,55"
"1,344,55"
"1,440,55"
"1,598,55"
"1,605,55"
"1,785,55"
"1,795,55"
"1,27,56"
"1,79,56"
"1,218,56"
"1,271,56"
"1,310,56"
"1,369,56"
"1,387,56"
"1,689,56"
"1,796,56"
"1,186,57"
"1,202,57"
"1,322,57"
"1,354,57"
"1,520,57"
"1,571,57"
"1,165,58"
"1,309,58"
"1,419,58"
"1,490,58"
"1,542,58"
"1,672,58"
"1,683,58"
"1,693,58"
"1,131,59"
"1,326,59"
"1,557,59"
"1,586,59"
"1,650,59"
"1,756,59"
"1,773,59"
"1,56,60"
"1,106,60"
"1,173,60"
"1,293,60"
"1,317,60"
"1,352,60"
"1,596,60"
"1,608,60"
"1,616,60"
"1,778,60"
"1,5,61"
"1,188,61"
"1,360,61"
"1,605,61"
"1,23,62"
"1,48,62"
"1,156,62"
"1,274,62"
"1,294,62"
"1,349,62"
"1,440,62"
"1,475,62"
"1,668,62"
"1,764,62"
"1,17,63"
"1,104,63"
"1,213,63"
"1,242,63"
"1,245,63"
"1,249,63"
"1,295,63"
"1,388,63"
"1,396,63"
"1,470,63"
"1,659,63"
"1,711,63"
"1,57,64"
"1,244,64"
"1,314,64"
"1,326,64"
"1,497,64"
"1,646,64"
"1,767,64"
"1,54,65"
"1,204,65"
"1,502,65"
"1,552,65"
"1,631,65"
"1,636,65"
"1,67,66"
"1,89,66"
"1,93,66"
"1,99,66"
"1,375,66"
"1,414,66"
"1,445,66"
"1,491,66"
"1,31,67"
"1,73,67"
"1,77,67"
"1,104,67"
"1,326,67"
"1,335,67"
"1,538,67"
"1,592,67"
"1,623,67"
"1,776,67"
"1,4,68"
"1,39,68"
"1,87,68"
"1,276,68"
"1,344,68"
"1,383,68"
"1,419,68"
"1,447,68"
"1,598,68"
"1,640,68"
"1,646,68"
"1,457,69"
"1,501,69"
"1,648,69"
"1,709,69"
"1,40,70"
"1,215,70"
"1,260,70"
"1,316,70"
"1,444,70"
"1,461,70"
"1,483,70"
"1,494,70"
"1,538,70"
"1,171,71"
"1,192,71"
"1,259,71"
"1,522,71"
"1,702,71"
"1,729,71"
"1,81,72"
"1,96,72"
"1,358,72"
"1,418,72"
"1,451,72"
"1,598,72"
"1,277,73"
"1,462,73"
"1,523,73"
"1,537,73"
"1,542,73"
"1,641,73"
"1,651,73"
"1,702,73"
"1,723,73"
"1,774,73"
"1,102,74"
"1,259,74"
"1,263,74"
"1,386,74"
"1,460,74"
"1,489,74"
"1,703,74"
"1,772,74"
"1,175,75"
"1,213,75"
"1,550,75"
"1,640,75"
"1,738,75"
"1,110,76"
"1,328,76"
"1,369,76"
"1,370,76"
"1,374,76"
"1,413,76"
"1,477,76"
"1,490,76"
"1,510,76"
"1,570,76"
"1,571,76"
"1,660,76"
"1,221,77"
"1,331,77"
"1,410,77"
"1,415,77"
"1,573,77"
"1,680,77"
"1,722,77"
"1,755,77"
"1,785,77"
"1,17,78"
"1,140,78"
"1,432,78"
"1,534,78"
"1,627,78"
"1,633,78"
"1,0,79"
"1,151,79"
"1,177,79"
"1,230,79"
"1,408,79"
"1,525,79"
"1,553,79"
"1,582,79"
"1,608,79"
"1,697,79"
"1,705,79"
"1,722,79"
"1,3,80"
"1,56,80"
"1,161,80"
"1,178,80"
"1,344,80"
"1,445,80"
"1,483,80"
"1,576,80"
"1,653,80"
"1,257,81"
"1,350,81"
"1,449,81"
"1,452,81"
"1,632,81"
"1,660,81"
"1,686,81"
"1,772,81"
"1,63,82"
"1,171,82"
"1,241,82"
"1,455,82"
"1,502,82"
"1,662,82"
"1,63,83"
"1,168,83"
"1,318,83"
"1,473,83"
"1,4,84"
"1,37,84"
"1,51,84"
"1,127,84"
"1,169,84"
"1,203,84"
"1,238,84"
"1,708,84"
"1,539,85"
"1,556,85"
"1,569,85"
"1,732,85"
"1,747,85"
"1,752,85"
"1,42,86"
"1,246,86"
"1,283,86"
"1,416,86"
"1,540,86"
"1,579,86"
"1,739,86"
"1,120,87"
"1,126,87"
"1,190,87"
"1,330,87"
"1,527,87"
"1,554,87"
"1,563,87"
"1,745,87"
"1,60,88"
"1,94,88"
"1,371,88"
"1,672,88"
"1,758,88"
"1,23,89"
"1,99,89"
"1,185,89"
"1,193,89"
"1,370,89"
"1,548,89"
"1,620,89"
"1,692,89"
"1,697,89"
"1,723,89"
"1,767,89"
"1,7,90"
"1,213,90"
"1,220,90"
"1,257,90"
"1,265,90"
"1,310,90"
"1,345,90"
"1,354,90"
"1,450,90"
"1,555,90"
"1,46,91"
"1,147,91"
"1,245,91"
"1,294,91"
"1,478,91"
"1,521,91"
"1,543,91"
"1,578,91"
"1,659,91"
"1,689,91"
"1,13,92"
"1,267,92"
"1,277,92"
"1,551,92"
"1,592,92"
"1,631,92"
"1,759,92"
"1,54,93"
"1,441,93"
"1,505,93"
"1,547,93"
"1,556,93"
"1,627,93"
"1,757,93"
"1,774,93"
"1,95,94"
"1,195,94"
"1,569,94"
"1,24,95"
"1,390,95"
"1,626,95"
"1,639,95"
"1,753,95"
"1,211,96"
"1,251,96"
"1,389,96"
"1,461,96"
"1,507,96"
"1,528,96"
"1,591,96"
"1,623,96"
"1,749,96"
"1,759,96"
"1,39,97"
"1,251,97"
"1,372,97"
"1,416,97"
"1,432,97"
"1,462,97"
"1,474,97"
"1,479,97"
"1,578,97"
"1,638,97"
"1,654,97"
"1,659,97"
"1,679,97"
"1,48,98"
"1,74,98"
"1,538,98"
"1,568,98"
"1,632,98"
"1,664,98"
"1,37,99"
"1,95,99"
"1,154,99"
"1,212,99"
"1,257,99"
"1,258,99"
"1,346,99"
"1,435,99"
"1,686,99"
"1,698,99"
"1,747,99"
"11,76,100"
"12,29,100"
"12,41,100"
"12,87,100"
"14,29,100"
"16,10,100"
"16,47,100"
"17,79,100"
"1,8,101"
"14,25,101"
"14,51,101"
"15,40,101"
"17,51,101"
"1,60,102"
"11,05,102"
"11,54,102"
"12,26,102"
"13,14,102"
"13,17,102"
"16,53,102"
"17,37,102"
"13,34,103"
"16,43,103"
"17,84,103"
"1,5,104"
"1,90,104"
"11,92,104"
"13,19,104"
"13,25,104"
"13,66,104"
"14,25,104"
"14,68,104"
"1,67,105"
"1,72,105"
"11,77,105"
"11,88,105"
"12,92,105"
"13,00,105"
"13,20,105"
"14,38,105"
"15,40,106"
"16,38,106"
"16,49,106"
"1,10,107"
"1,41,107"
"1,82,107"
"11,05,107"
"11,93,107"
"12,84,107"
"12,97,107"
"13,90,107"
"16,75,107"
"17,53,107"
"17,80,107"
"1,38,108"
"1,60,108"
"11,00,108"
"11,25,108"
"12,27,108"
"12,38,108"
"13,56,108"
"15,79,108"
"15,94,108"
"17,22,108"
"17,37,108"
"1,55,109"
"11,07,109"
"14,30,109"
"14,84,109"
"15,60,109"
"1,58,110"
"11,63,110"
"13,15,110"
"15,08,110"
"16,87,110"
"17,04,110"
"1,44,111"
"1,51,111"
"11,55,111"
"12,90,111"
"13,10,111"
"14,21,111"
"14,88,111"
"15,46,111"
"15,70,111"
"16,54,111"
"17,66,111"
"17,75,111"
"17,92,111"
"1,74,112"
"12,35,112"
"14,27,112"
"14,34,112"
"15,16,112"
"15,19,112"
"1,33,113"
"12,56,113"
"14,95,113"
"15,69,113"
"15,70,113"
"17,41,113"
"1,17,114"
"1,28,114"
"1,37,114"
"11,44,114"
"11,65,114"
"15,65,114"
"15,89,114"
"16,70,114"
"17,60,114"
"1,95,115"
"11,20,115"
"13,36,115"
"13,62,115"
"13,86,115"
"13,88,115"
"14,17,115"
"17,95,115"
"1,27,116"
"1,36,116"
"12,41,116"
"15,47,116"
"16,76,116"
"1,9,117"
"1,59,117"
"11,00,117"
"11,72,117"
"12,50,117"
"14,25,117"
"15,43,117"
"16,82,117"
"17,57,117"
"17,62,117"
"11,14,118"
"11,76,118"
"16,78,118"
"1,6,119"
"13,34,119"
"13,46,119"
"14,69,119"
"15,98,119"
"17,03,119"
"17,34,119"
"16,01,120"
"1,79,121"
"1,84,121"
"11,29,121"
"11,37,121"
"11,48,121"
"11,53,121"
"11,94,121"
"12,44,121"
"12,78,121"
"14,35,121"
"14,98,121"
"15,50,121"
"17,34,121"
"17,42,121"
"17,44,121"
"1,3,122"
"1,13,122"
"11,15,122"
"11,64,122"
"12,06,122"
"12,30,122"
"13,70,122"
"13,87,122"
"14,29,122"
"15,46,122"
"15,93,122"
"16,45,122"
"17,15,122"
"1,57,123"
"11,10,123"
"11,85,123"
"12,74,123"
"13,37,123"
"13,86,123"
"14,83,123"
"14,87,123"
"15,38,123"
"17,12,123"
"1,89,124"
"1,92,124"
"11,27,124"
"11,81,124"
"11,94,124"
"12,39,124"
"15,21,124"
"15,30,124"
"16,44,124"
"16,58,124"
"1,41,125"
"1,94,125"
"11,02,125"
"11,28,125"
"11,74,125"
"11,92,125"
"12,94,125"
"15,47,125"
"15,70,125"
"15,90,125"
"1,53,126"
"1,80,126"
"11,63,126"
"12,84,126"
"13,14,126"
"14,13,126"
"15,33,126"
"15,39,126"
"15,42,126"
"16,38,126"
"1,6,127"
"11,31,127"
"11,34,127"
"11,40,127"
"11,57,127"
"11,86,127"
"13,21,127"
"14,01,127"
"15,35,127"
"16,49,127"
"16,89,127"
"1,26,128"
"1,72,128"
"13,32,128"
"14,49,128"
"15,75,128"
"15,91,128"
"16,77,128"
"17,35,128"
"17,46,128"
"1,2,129"
"12,79,129"
"13,90,129"
"14,31,129"
"15,65,129"
"16,44,129"
"17,02,129"
"17,34,129"
"11,16,130"
"12,49,130"
"13,27,130"
"15,36,130"
"16,88,130"
"17,90,130"
"1,63,131"
"1,88,131"
"1,93,131"
"11,00,131"
"12,63,131"
"13,15,131"
"13,28,131"
"14,29,131"
"14,83,131"
"15,03,131"
"15,84,131"
"16,26,131"
"1,18,132"
"11,42,132"
"12,01,132"
"12,81,132"
"13,25,132"
"13,43,132"
"13,58,132"
"13,69,132"
"14,15,132"
"14,95,132"
"14,96,132"
"16,47,132"
"17,28,132"
"17,29,132"
"11,33,133"
"14,55,133"
"14,88,133"
"15,72,133"
"11,04,134"
"11,60,134"
"11,78,134"
"13,41,134"
"13,65,134"
"14,34,134"
"15,27,134"
"15,43,134"
"15,74,134"
"16,23,134"
"17,04,134"
"17,06,134"
"17,26,134"
"1,28,135"
"11,09,135"
"11,41,135"
"11,83,135"
"11,91,135"
"13,31,135"
"13,86,135"
"14,29,135"
"17,14,135"
"1,18,136"
"11,69,136"
"12,00,136"
"12,16,136"
"14,45,136"
"14,49,136"
"15,43,136"
"15,63,136"
"17,49,136"
"12,23,137"
"13,57,137"
"15,14,137"
"15,71,137"
"15,73,137"
"16,22,137"
"16,37,137"
"1,25,138"
"1,59,138"
"11,55,138"
"11,91,138"
"12,84,138"
"14,38,138"
"14,81,138"
"15,32,138"
"16,48,138"
"17,80,138"
"1,91,139"
"11,17,139"
"13,35,139"
"13,40,139"
"13,71,139"
"15,81,139"
"17,87,139"
"17,93,139"
"1,64,140"
"13,04,140"
"13,18,140"
"14,49,140"
"14,65,140"
"15,66,140"
"15,95,140"
"17,11,140"
"17,37,140"
"17,53,140"
"1,26,141"
"16,47,141"
"16,78,141"
"17,09,141"
"17,32,141"
"11,08,142"
"13,19,142"
"14,81,142"
"15,66,142"
"16,31,142"
"16,59,142"
"11,65,143"
"13,47,143"
"14,28,143"
"14,40,143"
"15,44,143"
"16,33,143"
"16,41,143"
"17,01,143"
"1,58,144"
"1,78,144"
"1,95,144"
"11,23,144"
"11,26,144"
"11,87,144"
"12,78,144"
"13,17,144"
"14,55,144"
"14,65,144"
"14,74,144"
"15,21,144"
"16,67,144"
"17,32,144"
"1,92,145"
"14,18,145"
"15,44,145"
"11,42,146"
"12,39,146"
"12,97,146"
"13,51,146"
"14,14,146"
"14,17,146"
"14,19,146"
"14,93,146"
"16,21,146"
"17,39,146"
"11,61,147"
"11,83,147"
"12,34,147"
"12,67,147"
"12,74,147"
"12,86,147"
"13,12,147"
"13,32,147"
"14,97,147"
"15,20,147"
"15,93,147"
"17,80,147"
"13,60,148"
"13,76,148"
"13,88,148"
"14,63,148"
"16,32,148"
"16,57,148"
"1,5,149"
"1,24,149"
"11,56,149"
"12,18,149"
"13,27,149"
"14,77,149"
"17,07,149"
"1,54,150"
"1,55,150"
"13,41,150"
"13,89,150"
"14,99,150"
"15,87,150"
"16,17,150"
"17,56,150"
"17,75,150"
"17,96,150"
"1,94,151"
"11,71,151"
"11,99,151"
"12,02,151"
"12,71,151"
"13,16,151"
"13,17,151"
"14,45,151"
"15,14,151"
"15,43,151"
"1,44,152"
"12,09,152"
"12,44,152"
"13,47,152"
"14,43,152"
"15,86,152"
"16,26,152"
"16,27,152"
"17,00,152"
"17,90,152"
"1,22,153"
"11,68,153"
"13,57,153"
"13,67,153"
"15,55,153"
"15,63,153"
"16,08,153"
"16,31,153"
"1,81,154"
"11,75,154"
"12,08,154"
"12,73,154"
"13,59,154"
"14,83,154"
"15,12,154"
"17,42,154"
"12,04,155"
"13,82,155"
"15,03,155"
"15,81,155"
"16,60,155"
"16,64,155"
"17,06,155"
"1,18,156"
"12,38,156"
"12,85,156"
"12,94,156"
"13,08,156"
"13,90,156"
"14,36,156"
"14,86,156"
"14,92,156"
"16,06,156"
"16,23,156"
"17,43,156"
"17,73,156"
"14,58,157"
"17,80,157"
"1,31,158"
"1,53,158"
"1,73,158"
"11,43,158"
"13,00,158"
"13,15,158"
"15,37,158"
"15,54,158"
"16,76,158"
"17,64,158"
"17,92,158"
"1,16,159"
"12,48,159"
"13,33,159"
"13,94,159"
"14,69,159"
"15,39,159"
"16,02,159"
"16,38,159"
"17,20,159"
"17,43,159"
"17,60,159"
"1,10,160"
"1,19,160"
"1,77,160"
"11,20,160"
"13,52,160"
"13,64,160"
"15,32,160"
"15,62,160"
"15,75,160"
"17,73,160"
"17,79,160"
"11,37,161"
"12,11,161"
"12,24,161"
"12,34,161"
"15,35,161"
"15,68,161"
"16,30,161"
"17,67,161"
"1,90,162"
"11,22,162"
"11,32,162"
"12,43,162"
"16,51,162"
"17,93,162"
"1,72,163"
"1,82,163"
"11,00,163"
"11,31,163"
"12,33,163"
"12,37,163"
"12,54,163"
"14,71,163"
"14,98,163"
"15,00,163"
"15,57,163"
"16,38,163"
"17,17,163"
"1,48,164"
"11,10,164"
"11,93,164"
"12,94,164"
"15,33,164"
"17,72,164"
"1,72,165"
"11,52,165"
"14,22,165"
"15,52,165"
"16,98,165"
"1,65,166"
"1,86,166"
"11,93,166"
"12,36,166"
"12,56,166"
"14,73,166"
"15,29,166"
"15,47,166"
"11,38,167"
"11,62,167"
"12,05,167"
"13,39,167"
"14,05,167"
"16,77,167"
"17,75,167"
"1,84,168"
"12,91,168"
"14,95,168"
"15,03,168"
"15,93,168"
"16,93,168"
"1,99,169"
"12,00,169"
"12,22,169"
"16,47,169"
"16,50,169"
"16,98,169"
"17,32,169"
"17,73,169"
"11,59,170"
"11,63,170"
"12,81,170"
"15,83,170"
"16,48,170"
"16,74,170"
"17,05,170"
"1,40,171"
"11,33,171"
"12,08,171"
"12,21,171"
"12,60,171"
"17,25,171"
"11,90,172"
"12,25,172"
"12,54,172"
"12,74,172"
"15,08,172"
"16,28,172"
"17,26,172"
"17,55,172"
"12,09,173"
"12,41,173"
"12,81,173"
"13,06,173"
"13,12,173"
"15,07,173"
"17,63,173"
"12,88,174"
"15,92,174"
"17,08,174"
"1,53,175"
"1,79,175"
"12,28,175"
"13,99,175"
"14,48,175"
"15,43,175"
"15,76,175"
"1,24,176"
"13,40,176"
"14,53,176"
"15,15,176"
"15,26,176"
"15,37,176"
"16,17,176"
"16,74,176"
"17,28,176"
"1,73,177"
"15,10,177"
"15,83,177"
"16,61,177"
"17,01,177"
"17,53,177"
"11,98,178"
"12,52,178"
"13,10,178"
"13,39,178"
"14,32,178"
"15,51,178"
"15,56,178"
"15,77,178"
"17,29,178"
"17,76,178"
"1,31,179"
"1,69,179"
"11,02,179"
"12,21,179"
"12,48,179"
"12,66,179"
"13,22,179"
"13,33,179"
"14,17,179"
"15,27,179"
"15,63,179"
"16,22,179"
"17,32,179"
"17,77,179"
"11,79,180"
"12,60,180"
"14,28,180"
"14,94,180"
"15,17,180"
"15,81,180"
"16,22,180"
"16,43,180"
"17,24,180"
"17,77,180"
"17,83,180"
"1,21,181"
"1,76,181"
"1,94,181"
"15,36,181"
"15,40,181"
"15,64,181"
"16,93,181"
"16,96,181"
"17,04,181"
"17,24,181"
"17,44,181"
"17,98,181"
"11,10,182"
"11,33,182"
"11,46,182"
"14,48,182"
"14,87,182"
"17,72,182"
"1,28,183"
"1,81,183"
"11,83,183"
"11,90,183"
"13,86,183"
"13,93,183"
"13,94,183"
"15,15,183"
"16,09,183"
"17,96,183"
"11,32,184"
"12,23,184"
"15,09,184"
"15,41,184"
"15,50,184"
"16,84,184"
"17,25,184"
"12,14,185"
"12,41,185"
"14,85,185"
"16,84,185"
"16,98,185"
"17,51,185"
"17,79,185"
"1,23,186"
"1,83,186"
"11,55,186"
"11,92,186"
"11,98,186"
"12,40,186"
"13,35,186"
"13,81,186"
"14,01,186"
"14,19,186"
"17,48,186"
"17,94,186"
"1,66,187"
"11,49,187"
"11,26,188"
"12,04,188"
"12,14,188"
"12,22,188"
"12,57,188"
"12,72,188"
"14,48,188"
"1,67,189"
"11,13,189"
"11,56,189"
"11,75,189"
"12,38,189"
"14,98,189"
"15,27,189"
"15,39,189"
"15,66,189"
"16,04,189"
"17,08,189"
"17,66,189"
"11,12,190"
"13,28,190"
"13,97,190"
"17,03,190"
"11,11,191"
"11,53,191"
"13,20,191"
"13,50,191"
"13,52,191"
"13,59,191"
"14,97,191"
"15,27,191"
"15,87,191"
"16,35,191"
"16,45,191"
"16,70,191"
"17,70,191"
"17,99,191"
"15,97,192"
"16,64,192"
"1,51,193"
"14,65,193"
"15,09,193"
"15,84,193"
"17,59,193"
"17,67,193"
"1,11,194"
"1,67,194"
"1,74,194"
"1,84,194"
"11,20,194"
"11,63,194"
"11,93,194"
"12,61,194"
"14,90,194"
"15,04,194"
"17,13,194"
"17,22,194"
"11,29,195"
"12,66,195"
"14,32,195"
"14,34,195"
"15,94,195"
"1,52,196"
"12,35,196"
"12,93,196"
"14,35,196"
"14,51,196"
"15,02,196"
"17,60,196"
"17,72,196"
"12,51,197"
"13,39,197"
"15,18,197"
"1,20,198"
"11,25,198"
"12,65,198"
"13,25,198"
"13,87,198"
"15,55,198"
"1,42,199"
"11,43,199"
"12,54,199"
"13,22,199"
"15,82,199"
"15,91,199"
"16,79,199"
"1,76,200"
"11,75,200"
"11,95,200"
"12,86,200"
"12,89,200"
"12,92,200"
"14,18,200"
"16,12,200"
"12,64,201"
"13,04,201"
"13,05,201"
"13,21,201"
"14,77,201"
"15,19,201"
"15,36,201"
"16,10,201"
"17,11,201"
"17,87,201"
"12,51,202"
"13,59,202"
"14,03,202"
"15,11,202"
"15,50,202"
"16,37,202"
"17,32,202"
"17,71,202"
"17,75,202"
"1,9,203"
"11,33,203"
"12,60,203"
"12,67,203"
"12,91,203"
"14,01,203"
"14,10,203"
"1,61,204"
"12,00,204"
"12,97,204"
"13,42,204"
"14,21,204"
"15,35,204"
"15,78,204"
"17,18,204"
"12,33,205"
"12,51,205"
"13,73,205"
"14,79,205"
"15,64,205"
"17,76,205"
"1,75,206"
"11,21,206"
"11,85,206"
"14,15,206"
"16,62,206"
"17,80,206"
"1,66,207"
"11,37,207"
"12,04,207"
"12,32,207"
"12,87,207"
"13,03,207"
"13,33,207"
"13,67,207"
"14,08,207"
"14,53,207"
"14,63,207"
"15,56,207"
"16,14,207"
"17,21,207"
"1,83,208"
"11,96,208"
"12,17,208"
"12,42,208"
"13,47,208"
"14,71,208"
"14,72,208"
"15,53,208"
"16,11,208"
"16,41,208"
"16,53,208"
"17,71,208"
"11,88,209"
"13,08,209"
"13,99,209"
"15,06,209"
"15,26,209"
"15,51,209"
"15,79,209"
"11,37,210"
"12,42,210"
"12,59,210"
"13,43,210"
"13,54,210"
"15,37,210"
"17,84,210"
"1,4,211"
"11,36,211"
"11,58,211"
"11,90,211"
"12,00,211"
"12,33,211"
"14,25,211"
"14,55,211"
"15,58,211"
"16,99,211"
"17,99,211"
"1,36,212"
"12,13,212"
"12,22,212"
"12,40,212"
"13,23,212"
"15,16,212"
"15,71,212"
"15,88,212"
"17,72,212"
"1,26,213"
"1,27,213"
"12,22,213"
"13,42,213"
"14,68,213"
"17,97,213"
"1,31,214"
"11,11,214"
"12,00,214"
"12,02,214"
"12,45,214"
"12,52,214"
"14,23,214"
"14,30,214"
"14,37,214"
"16,22,214"
"16,23,214"
"17,79,214"
"1,13,215"
"1,39,215"
"12,44,215"
"13,80,215"
"14,11,215"
"14,61,215"
"15,04,215"
"15,78,215"
"15,90,215"
"16,38,215"
"17,32,215"
"17,51,215"
"17,70,215"
"17,79,215"
"11,23,216"
"11,95,216"
"14,92,216"
"15,34,216"
"15,66,216"
"16,33,216"
"17,32,216"
"13,86,217"
"13,98,217"
"14,62,217"
"14,68,217"
"15,16,217"
"15,24,217"
"15,27,217"
"16,61,217"
"17,20,217"
"17,33,217"
"1,33,218"
"11,17,218"
"11,26,218"
"12,27,218"
"13,18,218"
"13,34,218"
"13,42,218"
"14,03,218"
"14,66,218"
"15,51,218"
"15,63,218"
"15,87,218"
"16,58,218"
"17,40,218"
"1,47,219"
"1,85,219"
"14,59,219"
"15,37,219"
"16,31,219"
"17,67,219"
"1,53,220"
"11,18,220"
"11,76,220"
"13,05,220"
"14,03,220"
"15,20,220"
"16,68,220"
"14,18,221"
"17,05,221"
"17,31,221"
"17,90,221"
"1,44,222"
"1,96,222"
"11,11,222"
"12,81,222"
"15,58,222"
"17,47,222"
"1,35,223"
"1,87,223"
"12,00,223"
"12,06,223"
"13,44,223"
"14,36,223"
"15,72,223"
"17,03,223"
"11,39,224"
"12,66,224"
"13,94,224"
"14,77,224"
"17,33,224"
"11,52,225"
"11,67,225"
"12,33,225"
"12,50,225"
"14,27,225"
"16,62,225"
"17,74,225"
"1,82,226"
"11,03,226"
"12,08,226"
"12,88,226"
"14,19,226"
"16,15,226"
"17,13,226"
"17,49,226"
"1,28,227"
"11,44,227"
"11,65,227"
"11,71,227"
"12,65,227"
"13,33,227"
"14,52,227"
"16,83,227"
"17,10,227"
"12,56,228"
"14,94,228"
"15,07,228"
"17,28,228"
"17,85,228"
"1,56,229"
"16,96,229"
"11,17,230"
"11,32,230"
"14,18,230"
"14,50,230"
"15,20,230"
"17,87,230"
"1,9,231"
"1,68,231"
"1,80,231"
"11,19,231"
"11,20,231"
"12,08,231"
"13,04,231"
"14,04,231"
"15,33,231"
"15,44,231"
"15,62,231"
"1,45,232"
"11,66,232"
"13,64,232"
"14,99,232"
"15,84,232"
"15,97,232"
"16,26,232"
"16,36,232"
"16,75,232"
"1,26,233"
"11,08,233"
"11,37,233"
"11,53,233"
"11,64,233"
"13,69,233"
"13,75,233"
"14,24,233"
"14,45,233"
"15,56,233"
"15,81,233"
"16,11,233"
"17,10,233"
"17,78,233"
"1,37,234"
"13,19,234"
"14,75,234"
"15,13,234"
"17,42,234"
"1,10,235"
"1,42,235"
"11,48,235"
"11,79,235"
"13,37,235"
"1,34,236"
"12,57,236"
"13,66,236"
"14,01,236"
"14,39,236"
"14,62,236"
"15,50,236"
"15,56,236"
"16,51,236"
"17,49,236"
"1,44,237"
"13,02,237"
"13,50,237"
"14,09,237"
"14,13,237"
"14,54,237"
"15,51,237"
"16,45,237"
"17,79,237"
"1,50,238"
"1,74,238"
"11,99,238"
"12,07,238"
"13,44,238"
"14,34,238"
"15,58,238"
"15,64,238"
"16,10,238"
"17,84,238"
"1,59,239"
"11,63,239"
"12,14,239"
"12,46,239"
"13,04,239"
"13,11,239"
"13,24,239"
"13,64,239"
"16,02,239"
"16,54,239"
"17,34,239"
"17,73,239"
"1,39,240"
"1,63,240"
"1,64,240"
"12,12,240"
"12,38,240"
"13,04,240"
"13,70,240"
"14,35,240"
"14,46,240"
"14,52,240"
"15,00,240"
"15,55,240"
"17,15,240"
"11,80,241"
"13,00,241"
"14,67,241"
"15,22,241"
"17,28,241"
"17,66,241"
"17,97,241"
"11,99,242"
"12,87,242"
"13,24,242"
"13,79,242"
"13,86,242"
"14,26,242"
"14,40,242"
"14,73,242"
"15,07,242"
"16,52,242"
"1,72,243"
"13,72,243"
"13,82,243"
"14,17,243"
"14,35,243"
"15,52,243"
"15,84,243"
"15,91,243"
"16,36,243"
"17,25,243"
"15,72,244"
"17,35,244"
"1,70,245"
"1,71,245"
"1,87,245"
"11,14,245"
"11,77,245"
"13,48,245"
"14,66,245"
"15,25,245"
"15,46,245"
"16,13,245"
"16,87,245"
"1,53,246"
"12,63,246"
"13,05,246"
"15,51,246"
"1,34,247"
"1,96,247"
"11,64,247"
"12,43,247"
"13,04,247"
"15,51,247"
"16,12,247"
"16,26,247"
"16,46,247"
"17,24,247"
"11,38,248"
"11,60,248"
"12,60,248"
"13,10,248"
"13,36,248"
"15,11,248"
"16,27,248"
"17,10,248"
"17,58,248"
"1,40,249"
"11,07,249"
"11,32,249"
"14,45,249"
"16,62,249"
"1,86,250"
"11,13,250"
"11,42,250"
"12,63,250"
"12,73,250"
"14,25,250"
"15,23,250"
"15,71,250"
"16,56,250"
"17,96,250"
"1,53,251"
"11,34,251"
"14,11,251"
"14,58,251"
"15,24,251"
"16,18,251"
"16,41,251"
"16,72,251"
"16,78,251"
"1,92,252"
"11,35,252"
"11,42,252"
"11,56,252"
"12,78,252"
"13,02,252"
"15,98,252"
"16,83,252"
"17,31,252"
"1,65,253"
"11,84,253"
"12,68,253"
"11,27,254"
"14,59,254"
"16,41,254"
"11,44,255"
"11,60,255"
"16,13,255"
"16,29,255"
"16,73,255"
"16,87,255"
"16,92,255"
"11,00,256"
"11,37,256"
"12,24,256"
"16,91,256"
"17,15,256"
"1,81,257"
"11,42,257"
"11,43,257"
"11,87,257"
"12,50,257"
"14,46,257"
"14,75,257"
"15,71,257"
"17,48,257"
"12,80,258"
"13,47,258"
"13,62,258"
"13,69,258"
"13,90,258"
"14,23,258"
"14,70,258"
"14,99,258"
"15,67,258"
"16,98,258"
"17,43,258"
"17,58,258"
"17,63,258"
"17,88,258"
"1,86,259"
"11,67,259"
"12,22,259"
"13,26,259"
"14,29,259"
"14,89,259"
"15,13,259"
"15,19,259"
"15,32,259"
"16,13,259"
"16,84,259"
"17,82,259"
"1,9,260"
"1,24,260"
"1,39,260"
"1,55,260"
"11,65,260"
"12,20,260"
"13,85,260"
"14,49,260"
"14,95,260"
"15,02,260"
"15,34,260"
"17,78,260"
"1,63,261"
"11,20,261"
"13,46,261"
"13,84,261"
"14,24,261"
"14,29,261"
"15,40,261"
"16,63,261"
"17,40,261"
"1,42,262"
"11,77,262"
"12,05,262"
"13,65,262"
"16,86,262"
"17,60,262"
"1,44,263"
"1,79,263"
"11,38,263"
"11,47,263"
"13,42,263"
"13,71,263"
"15,30,263"
"15,39,263"
"17,66,263"
"1,83,264"
"12,41,264"
"12,57,264"
"12,97,264"
"14,68,264"
"15,34,264"
"17,19,264"
"1,4,265"
"1,26,265"
"11,44,265"
"12,44,265"
"12,93,265"
"13,43,265"
"14,18,265"
"14,35,265"
"14,78,265"
"14,83,265"
"14,97,265"
"15,29,265"
"16,90,265"
"17,08,265"
"17,18,265"
"1,24,266"
"11,47,266"
"12,96,266"
"13,91,266"
"1,5,267"
"1,26,267"
"1,48,267"
"1,65,267"
"12,11,267"
"16,39,267"
"16,49,267"
"17,90,267"
"12,38,268"
"13,48,268"
"17,50,268"
"1,3,269"
"1,39,269"
"1,76,269"
"11,35,269"
"12,10,269"
"14,23,269"
"12,06,270"
"12,16,270"
"12,96,270"
"13,09,270"
"13,68,270"
"14,88,270"
"15,35,270"
"15,75,270"
"16,44,270"
"17,80,270"
"13,30,271"
"13,65,271"
"15,25,271"
"15,50,271"
"15,87,271"
"17,16,271"
"11,00,272"
"11,33,272"
"13,71,272"
"13,94,272"
"12,46,273"
"14,39,273"
"14,81,273"
"15,56,273"
"16,02,273"
"16,57,273"
"16,61,273"
"16,75,273"
"17,40,273"
"1,65,274"
"1,81,274"
"11,86,274"
"14,56,274"
"14,78,274"
"14,90,274"
"14,97,274"
"15,88,274"
"15,99,274"
"16,05,274"
"17,63,274"
"1,51,275"
"11,17,275"
"13,69,275"
"14,20,275"
"15,95,275"
"16,83,275"
"1,30,276"
"11,13,276"
"11,77,276"
"13,41,276"
"13,96,276"
"14,52,276"
"15,25,276"
"15,67,276"
"17,07,276"
"17,96,276"
"11,31,277"
"11,54,277"
"12,02,277"
"16,26,277"
"16,88,277"
"1,14,278"
"1,21,278"
"1,33,278"
"1,93,278"
"11,76,278"
"12,15,278"
"12,49,278"
"12,50,278"
"13,00,278"
"14,34,278"
"15,24,278"
"15,92,278"
"16,64,278"
"16,76,278"
"1,22,279"
"12,32,279"
"12,43,279"
"13,53,279"
"15,09,279"
"16,01,279"
"16,20,279"
"17,46,279"
"11,54,280"
"12,35,280"
"12,93,280"
"14,38,280"
"14,46,280"
"15,44,280"
"16,46,280"
"16,70,280"
"1,33,281"
"12,61,281"
"13,05,281"
"13,35,281"
"16,91,281"
"1,11,282"
"1,14,282"
"12,48,282"
"12,53,282"
"13,75,282"
"13,93,282"
"13,96,282"
"14,39,282"
"15,98,282"
"16,03,282"
"16,13,282"
"16,37,282"
"16,46,282"
"11,45,283"
"12,15,283"
"13,34,283"
"15,62,283"
"17,05,283"
"17,24,283"
"1,11,284"
"1,92,284"
"12,05,284"
"12,30,284"
"12,92,284"
"13,50,284"
"13,98,284"
"14,51,284"
"15,09,284"
"16,20,284"
"16,54,284"
"1,46,285"
"1,88,285"
"11,63,285"
"11,73,285"
"12,64,285"
"16,02,285"
"17,40,285"
"11,09,286"
"11,55,286"
"13,38,286"
"13,43,286"
"13,65,286"
"14,30,286"
"14,94,286"
"15,91,286"
"17,44,286"
"17,68,286"
"1,45,287"
"1,57,287"
"13,87,287"
"15,50,287"
"17,58,287"
"17,61,287"
"11,77,288"
"11,98,288"
"13,89,288"
"14,51,288"
"14,99,288"
"16,94,288"
"17,75,288"
"1,51,289"
"13,53,289"
"13,70,289"
"16,31,289"
"1,0,290"
"1,25,290"
"1,30,290"
"11,96,290"
"13,72,290"
"15,09,290"
"15,70,290"
"15,99,290"
"16,27,290"
"17,17,290"
"1,84,291"
"11,22,291"
"12,98,291"
"13,24,291"
"13,50,291"
"13,72,291"
"15,06,291"
"15,20,291"
"15,41,291"
"1,16,292"
"13,45,292"
"13,77,292"
"14,66,292"
"1,19,293"
"1,69,293"
"12,06,293"
"12,86,293"
"13,56,293"
"13,66,293"
"13,81,293"
"14,45,293"
"14,50,293"
"15,75,293"
"1,30,294"
"11,43,294"
"11,92,294"
"12,76,294"
"13,25,294"
"14,05,294"
"14,77,294"
"15,83,294"
"16,77,294"
"17,11,294"
"17,60,294"
"17,61,294"
"17,79,294"
"12,25,295"
"12,82,295"
"12,95,295"
"14,28,295"
"15,98,295"
"16,85,295"
"16,87,295"
"16,98,295"
"13,27,296"
"14,72,296"
"15,75,296"
"17,14,296"
"1,3,297"
"1,12,297"
"1,34,297"
"1,85,297"
"11,48,297"
"11,53,297"
"11,54,297"
"12,58,297"
"12,86,297"
"13,19,297"
"14,53,297"
"14,70,297"
"14,80,297"
"15,34,297"
"15,56,297"
"15,67,297"
"16,19,297"
"16,44,297"
"17,77,297"
"17,82,297"
"17,84,297"
"1,10,298"
"1,25,298"
"14,74,298"
"16,40,298"
"17,75,298"
"17,94,298"
"11,40,299"
"12,76,299"
"13,38,299"
"13,80,299"
"14,83,299"
"15,09,299"
"15,57,299"
"15,80,299"
"16,55,299"
"1,77,300"
"12,20,300"
"14,78,300"
"15,21,300"
"16,15,300"
"17,41,300"
"1,32,301"
"1,51,301"
"11,25,301"
"11,68,301"
"12,52,301"
"14,50,301"
"14,84,301"
"14,95,301"
"16,74,301"
"16,87,301"
"17,25,301"
"1,53,302"
"12,74,302"
"12,93,302"
"13,99,302"
"12,31,303"
"13,14,303"
"13,44,303"
"13,73,303"
"13,99,303"
"15,84,303"
"16,69,303"
"16,86,303"
"1,5,304"
"1,26,304"
"13,39,304"
"14,34,304"
"14,57,304"
"15,09,304"
"16,16,304"
"16,22,304"
"17,66,304"
"1,81,305"
"11,37,305"
"12,29,305"
"12,80,305"
"12,82,305"
"13,17,305"
"13,38,305"
"13,57,305"
"15,50,305"
"16,48,305"
"16,99,305"
"17,89,305"
"1,1,306"
"1,20,306"
"1,30,306"
"12,10,306"
"12,95,306"
"14,16,306"
"15,17,306"
"16,36,306"
"17,88,306"
"1,75,307"
"12,20,307"
"12,33,307"
"12,88,307"
"12,99,307"
"14,67,307"
"15,34,307"
"1,2,308"
"1,50,308"
"11,70,308"
"11,76,308"
"11,98,308"
"12,29,308"
"13,20,308"
"14,26,308"
"15,17,308"
"15,67,308"
"17,26,308"
"1,29,309"
"1,83,309"
"12,06,309"
"12,10,309"
"12,59,309"
"13,99,309"
"14,05,309"
"15,14,309"
"16,22,309"
"16,43,309"
"1,25,310"
"1,30,310"
"1,95,310"
"11,65,310"
"11,96,310"
"12,34,310"
"12,39,310"
"12,40,310"
"12,66,310"
"13,07,310"
"14,10,310"
"14,90,310"
"16,43,310"
"16,77,310"
"16,79,310"
"17,58,310"
"17,95,310"
"1,42,311"
"11,28,311"
"12,13,311"
"13,26,311"
"13,27,311"
"13,77,311"
"14,20,311"
"15,45,311"
"16,66,311"
"16,82,311"
"1,36,312"
"11,37,312"
"11,90,312"
"14,18,312"
"14,61,312"
"14,76,312"
"15,35,312"
"17,35,312"
"1,39,313"
"1,79,313"
"11,68,313"
"12,99,313"
"13,21,313"
"13,22,313"
"1,7,314"
"11,33,314"
"11,55,314"
"11,85,314"
"13,01,314"
"13,23,314"
"14,45,314"
"14,52,314"
"14,80,314"
"15,43,314"
"17,04,314"
"17,76,314"
"13,34,315"
"13,37,315"
"14,45,315"
"16,02,315"
"16,50,315"
"16,75,315"
"1,82,316"
"11,58,316"
"13,06,316"
"14,39,316"
"15,26,316"
"16,54,316"
"17,73,316"
"17,98,316"
"11,25,317"
"13,10,317"
"15,97,317"
"17,56,317"
"17,82,317"
"11,65,318"
"12,40,318"
"12,62,318"
"13,45,318"
"13,48,318"
"15,02,318"
"15,07,318"
"11,20,319"
"12,18,319"
"12,34,319"
"12,44,319"
"12,96,319"
"13,15,319"
"13,79,319"
"14,37,319"
"14,98,319"
"16,20,319"
"17,31,319"
"17,86,319"
"1,22,320"
"1,39,320"
"1,53,320"
"1,58,320"
"1,69,320"
"11,00,320"
"11,25,320"
"12,19,320"
"12,96,320"
"13,49,320"
"13,76,320"
"14,19,320"
"16,46,320"
"16,71,320"
"16,93,320"
"1,45,321"
"11,86,321"
"12,33,321"
"13,11,321"
"14,38,321"
"17,16,321"
"1,34,322"
"11,53,322"
"11,65,322"
"14,32,322"
"16,72,322"
"17,34,322"
"17,62,322"
"11,16,323"
"11,36,323"
"11,93,323"
"13,43,323"
"14,59,323"
"16,28,323"
"16,31,323"
"17,64,323"
"1,65,324"
"1,76,324"
"15,40,324"
"15,44,324"
"16,17,324"
"16,38,324"
"16,79,324"
"17,81,324"
"1,6,325"
"11,93,325"
"12,62,325"
"12,94,325"
"13,36,325"
"14,29,325"
"15,75,325"
"16,08,325"
"16,23,325"
"16,91,325"
"17,35,325"
"17,62,325"
"11,93,326"
"12,47,326"
"14,06,326"
"15,11,326"
"15,40,326"
"16,26,326"
"1,2,327"
"1,17,327"
"1,89,327"
"11,02,327"
"11,39,327"
"12,17,327"
"13,00,327"
"14,64,327"
"14,90,327"
"1,48,328"
"11,03,328"
"11,18,328"
"13,12,328"
"16,94,328"
"17,24,328"
"17,70,328"
"1,1,329"
"11,57,329"
"14,43,329"
"14,83,329"
"16,88,329"
"17,02,329"
"1,16,330"
"12,34,330"
"13,23,330"
"16,45,330"
"16,90,330"
"17,01,330"
"17,03,330"
"1,2,331"
"1,20,331"
"1,44,331"
"1,47,331"
"1,98,331"
"11,37,331"
"11,48,331"
"14,31,331"
"14,97,331"
"15,62,331"
"16,52,331"
"11,10,332"
"11,87,332"
"12,66,332"
"12,73,332"
"14,87,332"
"15,87,332"
"16,12,332"
"16,24,332"
"16,73,332"
"17,79,332"
"13,03,333"
"13,64,333"
"15,60,333"
"16,10,333"
"16,29,333"
"16,93,333"
"17,52,333"
"17,61,333"
"17,64,333"
"12,40,334"
"12,52,334"
"12,78,334"
"12,87,334"
"13,00,334"
"14,54,334"
"15,10,334"
"15,44,334"
"15,80,334"
"17,01,334"
"17,86,334"
"1,19,335"
"11,12,335"
"12,48,335"
"13,01,335"
"13,09,335"
"14,26,335"
"15,92,335"
"16,32,335"
"16,40,335"
"12,02,336"
"12,09,336"
"12,50,336"
"12,97,336"
"14,06,336"
"14,94,336"
"15,10,336"
"15,71,336"
"16,47,336"
"17,90,336"
"17,91,336"
"1,12,337"
"12,56,337"
"14,88,337"
"16,09,337"
"16,52,337"
"15,26,338"
"16,04,338"
"16,05,338"
"16,58,338"
"1,1,339"
"11,47,339"
"12,29,339"
"12,86,339"
"13,90,339"
"14,99,339"
"15,10,339"
"16,06,339"
"1,82,340"
"12,12,340"
"12,17,340"
"12,91,340"
"13,24,340"
"13,77,340"
"13,78,340"
"14,09,340"
"16,50,340"
"16,58,340"
"17,03,340"
"17,08,340"
"13,35,341"
"13,60,341"
"13,66,341"
"14,50,341"
"14,59,341"
"17,01,341"
"17,92,341"
"14,77,342"
"14,99,342"
"15,17,342"
"17,80,342"
"17,97,342"
"1,31,343"
"12,03,343"
"15,50,343"
"16,34,343"
"17,93,343"
"1,32,344"
"1,76,344"
"12,07,344"
"14,83,344"
"15,81,344"
"17,32,344"
"1,16,345"
"1,34,345"
"11,47,345"
"11,69,345"
"12,05,345"
"12,61,345"
"13,20,345"
"16,34,345"
"16,40,345"
"16,55,345"
"16,58,345"
"16,71,345"
"1,23,346"
"11,74,346"
"13,02,346"
"13,82,346"
"13,89,346"
"14,63,346"
"16,60,346"
"17,25,346"
"17,43,346"
"17,88,346"
"1,68,347"
"1,84,347"
"12,53,347"
"13,48,347"
"14,61,347"
"15,62,347"
"15,86,347"
"16,19,347"
"16,61,347"
"16,79,347"
"17,23,347"
"1,50,348"
"11,14,348"
"11,30,348"
"12,25,348"
"13,19,348"
"14,27,348"
"14,35,348"
"15,39,348"
"1,6,349"
"12,30,349"
"14,48,349"
"14,75,349"
"15,63,349"
"16,23,349"
"16,71,349"
"1,25,350"
"11,09,350"
"11,35,350"
"12,23,350"
"12,34,350"
"12,38,350"
"13,00,350"
"13,75,350"
"17,81,350"
"1,4,351"
"1,25,351"
"1,44,351"
"11,48,351"
"12,04,351"
"13,40,351"
"15,03,351"
"15,60,351"
"17,99,351"
"1,82,352"
"1,89,352"
"11,62,352"
"12,71,352"
"13,22,352"
"14,26,352"
"15,25,352"
"15,89,352"
"16,58,352"
"17,26,352"
"1,90,353"
"11,21,353"
"13,08,353"
"14,19,353"
"14,41,353"
"15,25,353"
"16,12,353"
"16,72,353"
"1,35,354"
"11,26,354"
"11,91,354"
"15,14,354"
"15,41,354"
"16,78,354"
"17,35,354"
"17,74,354"
"11,30,355"
"12,15,355"
"14,49,355"
"14,92,355"
"15,26,355"
"16,47,355"
"16,93,355"
"11,07,356"
"11,39,356"
"11,73,356"
"13,36,356"
"15,97,356"
"16,90,356"
"17,89,356"
"1,58,357"
"15,50,357"
"15,79,357"
"15,88,357"
"16,04,357"
"17,38,357"
"12,86,358"
"14,26,358"
"14,58,358"
"15,70,358"
"15,87,358"
"16,29,358"
"1,62,359"
"12,22,359"
"12,31,359"
"13,61,359"
"13,74,359"
"14,27,359"
"14,66,359"
"14,82,359"
"14,90,359"
"15,14,359"
"15,17,359"
"1,3,360"
"12,15,360"
"12,66,360"
"12,91,360"
"14,89,360"
"14,93,360"
"15,19,360"
"15,24,360"
"15,49,360"
"16,57,360"
"17,56,360"
"12,11,361"
"12,14,361"
"13,87,361"
"13,98,361"
"14,01,361"
"15,34,361"
"15,57,361"
"17,71,361"
"17,93,361"
"12,58,362"
"13,78,362"
"14,19,362"
"14,54,362"
"17,34,362"
"1,96,363"
"11,75,363"
"16,63,363"
"17,40,363"
"17,51,363"
"11,23,364"
"11,58,364"
"11,78,364"
"12,55,364"
"13,97,364"
"15,35,364"
"15,72,364"
"11,49,365"
"11,62,365"
"12,69,365"
"13,74,365"
"13,78,365"
"13,87,365"
"15,32,365"
"12,81,366"
"1,19,367"
"11,99,367"
"13,35,367"
"14,59,367"
"15,27,367"
"15,77,367"
"16,67,367"
"1,45,368"
"1,63,368"
"12,20,368"
"12,58,368"
"13,62,368"
"13,78,368"
"14,55,368"
"14,60,368"
"15,27,368"
"16,29,368"
"17,57,368"
"17,58,368"
"11,52,369"
"13,69,369"
"14,40,369"
"15,36,369"
"15,46,369"
"15,85,369"
"16,03,369"
"16,43,369"
"16,87,369"
"16,97,369"
"1,56,370"
"1,69,370"
"1,94,370"
"1,98,370"
"11,19,370"
"11,90,370"
"12,30,370"
"13,20,370"
"14,01,370"
"14,89,370"
"15,23,370"
"17,18,370"
"17,96,370"
"11,26,371"
"12,97,371"
"13,96,371"
"14,04,371"
"14,41,371"
"14,90,371"
"1,5,372"
"1,26,372"
"12,04,372"
"12,72,372"
"13,39,372"
"13,57,372"
"14,18,372"
"16,38,372"
"17,37,372"
"1,64,373"
"11,68,373"
"11,96,373"
"14,75,373"
"15,59,373"
"15,95,373"
"17,77,373"
"1,31,374"
"1,40,374"
"1,74,374"
"11,44,374"
"14,45,374"
"16,10,374"
"16,31,374"
"17,16,374"
"11,41,375"
"13,19,375"
"13,41,375"
"13,97,375"
"14,71,375"
"15,22,375"
"15,60,375"
"15,82,375"
"15,97,375"
"16,95,375"
"17,23,375"
"17,35,375"
"1,66,376"
"13,08,376"
"13,21,376"
"14,13,376"
"16,06,376"
"1,76,377"
"13,38,377"
"14,46,377"
"14,70,377"
"15,07,377"
"15,51,377"
"15,60,377"
"16,16,377"
"17,68,377"
"17,85,377"
"17,86,377"
"1,34,378"
"1,69,378"
"14,13,378"
"14,20,378"
"14,79,378"
"15,20,378"
"16,78,378"
"16,90,378"
"17,17,378"
"11,00,379"
"12,38,379"
"12,92,379"
"13,02,379"
"13,51,379"
"13,98,379"
"14,06,379"
"15,10,379"
"16,27,379"
"16,71,379"
"17,43,379"
"11,19,380"
"12,32,380"
"17,02,380"
"17,21,380"
"11,35,381"
"12,49,381"
"17,60,381"
"17,61,381"
"1,33,382"
"1,52,382"
"1,98,382"
"12,67,382"
"12,99,382"
"13,16,382"
"13,18,382"
"15,66,382"
"16,76,382"
"11,68,383"
"11,79,383"
"13,44,383"
"14,07,383"
"14,45,383"
"14,59,383"
"14,89,383"
"15,06,383"
"15,29,383"
"15,69,383"
"16,10,383"
"16,77,383"
"1,24,384"
"1,31,384"
"12,35,384"
"12,81,384"
"14,07,384"
"15,25,384"
"15,76,384"
"16,23,384"
"17,90,384"
"1,95,385"
"11,69,385"
"13,53,385"
"15,12,385"
"15,13,385"
"15,23,385"
"15,32,385"
"16,68,385"
"16,80,385"
"16,82,385"
"17,17,385"
"11,64,386"
"11,73,386"
"12,37,386"
"12,91,386"
"14,15,386"
"15,02,386"
"15,43,386"
"15,76,386"
"15,86,386"
"16,56,386"
"14,67,387"
"16,79,387"
"17,79,387"
"1,27,388"
"13,30,388"
"13,98,388"
"14,13,388"
"14,17,388"
"15,79,388"
"17,54,388"
"17,86,388"
"1,6,389"
"11,03,389"
"11,90,389"
"12,18,389"
"15,01,389"
"16,09,389"
"16,69,389"
"17,31,389"
"17,83,389"
"1,24,390"
"13,92,390"
"15,60,390"
"16,86,390"
"1,24,391"
"14,20,391"
"14,61,391"
"15,02,391"
"15,94,391"
"16,49,391"
"15,79,392"
"17,47,392"
"17,69,392"
"1,49,393"
"1,52,393"
"1,78,393"
"11,22,393"
"12,02,393"
"12,45,393"
"13,88,393"
"14,20,393"
"16,08,393"
"12,17,394"
"12,43,394"
"12,59,394"
"12,78,394"
"13,37,394"
"14,11,394"
"15,73,394"
"15,83,394"
"16,27,394"
"16,56,394"
"17,11,394"
"1,1,395"
"1,16,395"
"1,82,395"
"11,21,395"
"11,95,395"
"12,10,395"
"14,71,395"
"15,15,395"
"16,65,395"
"17,41,395"
"17,64,395"
"1,22,396"
"1,52,396"
"11,43,396"
"11,78,396"
"12,14,396"
"12,66,396"
"14,86,396"
"14,92,396"
"15,68,396"
"1,32,397"
"11,43,397"
"11,94,397"
"11,99,397"
"12,42,397"
"12,56,397"
"13,71,397"
"13,95,397"
"15,27,397"
"16,06,397"
"16,33,397"
"17,87,397"
"1,15,398"
"1,95,398"
"11,54,398"
"11,60,398"
"11,70,398"
"12,00,398"
"13,74,398"
"14,33,398"
"14,54,398"
"16,58,398"
"11,19,399"
"11,82,399"
"12,19,399"
"14,04,399"
"17,25,399"
"11,19,400"
"11,79,400"
"12,36,400"
"15,34,400"
"15,63,400"
"16,11,400"
"16,29,400"
"17,11,400"
"17,45,400"
"11,01,401"
"11,24,401"
"11,37,401"
"12,13,401"
"13,22,401"
"13,29,401"
"13,39,401"
"13,97,401"
"13,98,401"
"15,19,401"
"15,78,401"
"16,48,401"
"17,15,401"
"1,29,402"
"11,20,402"
"11,47,402"
"11,54,402"
"12,20,402"
"12,32,402"
"12,43,402"
"13,90,402"
"14,00,402"
"14,42,402"
"15,52,402"
"16,48,402"
"16,95,402"
"17,28,402"
"1,15,403"
"1,21,403"
"1,85,403"
"11,99,403"
"13,36,403"
"13,37,403"
"14,38,403"
"14,59,403"
"15,61,403"
"16,37,403"
"17,51,403"
"17,63,403"
"17,86,403"
"1,79,404"
"13,01,404"
"14,67,404"
"11,33,405"
"13,72,405"
"14,40,405"
"14,82,405"
"16,06,405"
"16,23,405"
"16,81,405"
"11,12,406"
"11,16,406"
"12,07,406"
"12,55,406"
"12,61,406"
"13,90,406"
"14,20,406"
"17,34,406"
"17,98,406"
"11,08,407"
"11,91,407"
"12,73,407"
"13,49,407"
"14,13,407"
"14,21,407"
"16,89,407"
"1,37,408"
"12,60,408"
"12,88,408"
"13,79,408"
"13,88,408"
"16,18,408"
"11,80,409"
"12,40,409"
"12,51,409"
"13,14,409"
"14,40,409"
"14,50,409"
"16,79,409"
"17,88,409"
"1,57,410"
"1,98,410"
"11,38,410"
"11,69,410"
"13,25,410"
"14,72,410"
"14,91,410"
"16,05,410"
"16,68,410"
"1,42,411"
"11,15,411"
"12,50,411"
"14,20,411"
"14,80,411"
"16,79,411"
"17,35,411"
"11,64,412"
"14,91,412"
"14,93,412"
"15,93,412"
"16,04,412"
"16,40,412"
"16,44,412"
"16,87,412"
"11,25,413"
"12,22,413"
"13,29,413"
"14,43,413"
"14,54,413"
"16,01,413"
"16,03,413"
"16,52,413"
"17,26,413"
"1,87,414"
"11,74,414"
"12,96,414"
"17,11,414"
"1,13,415"
"1,78,415"
"11,01,415"
"11,31,415"
"12,24,415"
"14,83,415"
"15,62,415"
"15,79,415"
"16,90,415"
"11,71,416"
"12,02,416"
"12,28,416"
"12,62,416"
"15,41,416"
"16,37,416"
"16,77,416"
"17,03,416"
"17,97,416"
"1,85,417"
"11,22,417"
"12,15,417"
"14,33,417"
"15,06,417"
"15,84,417"
"16,34,417"
"17,17,417"
"1,47,418"
"11,20,418"
"11,21,418"
"11,28,418"
"11,30,418"
"13,54,418"
"13,95,418"
"13,96,418"
"15,09,418"
"15,83,418"
"16,19,418"
"11,24,419"
"11,60,419"
"12,70,419"
"14,13,419"
"15,68,419"
"15,80,419"
"16,06,419"
"1,7,420"
"1,43,420"
"13,86,420"
"14,32,420"
"15,05,420"
"15,16,420"
"16,56,420"
"12,34,421"
"14,08,421"
"15,51,421"
"15,60,421"
"17,32,421"
"17,51,421"
"13,95,422"
"14,93,422"
"16,96,422"
"17,68,422"
"11,74,423"
"12,77,423"
"13,18,423"
"13,43,423"
"14,51,423"
"16,04,423"
"16,18,423"
"16,67,423"
"17,91,423"
"1,44,424"
"1,95,424"
"12,76,424"
"13,10,424"
"14,16,424"
"15,25,424"
"16,20,424"
"17,05,424"
"1,71,425"
"11,34,425"
"12,46,425"
"13,08,425"
"17,23,425"
"1,17,426"
"11,23,426"
"11,24,426"
"11,55,426"
"12,90,426"
"13,06,426"
"14,14,426"
"14,52,426"
"17,21,426"
"17,47,426"
"1,99,427"
"11,50,427"
"11,97,427"
"12,34,427"
"13,00,427"
"13,05,427"
"13,88,427"
"16,03,427"
"17,63,427"
"17,70,427"
"1,11,428"
"11,05,428"
"12,77,428"
"13,75,428"
"15,32,428"
"15,67,428"
"16,21,428"
"1,50,429"
"11,67,429"
"14,02,429"
"15,11,429"
"15,89,429"
"17,76,429"
"1,1,430"
"1,20,430"
"1,24,430"
"1,42,430"
"11,71,430"
"12,70,430"
"13,74,430"
"14,79,430"
"15,34,430"
"11,07,431"
"11,86,431"
"12,09,431"
"12,31,431"
"13,34,431"
"16,70,431"
"17,96,431"
"11,04,432"
"12,41,432"
"12,43,432"
"15,17,432"
"15,54,432"
"15,84,432"
"15,91,432"
"16,21,432"
"16,40,432"
"16,90,432"
"17,19,432"
"1,55,433"
"1,83,433"
"1,97,433"
"15,86,433"
"16,49,433"
"17,19,433"
"17,93,433"
"14,45,434"
"15,43,434"
"15,85,434"
"17,07,434"
"17,25,434"
"17,74,434"
"1,65,435"
"1,71,435"
"1,77,435"
"1,90,435"
"11,32,435"
"12,96,435"
"13,24,435"
"13,95,435"
"16,86,435"
"17,24,435"
"17,67,435"
"1,49,436"
"11,20,436"
"11,85,436"
"12,52,436"
"14,59,436"
"14,65,436"
"15,15,436"
"16,87,436"
"17,27,436"
"17,30,436"
"14,04,437"
"14,20,437"
"14,41,437"
"14,53,437"
"14,82,437"
"16,65,437"
"17,05,437"
"17,60,437"
"17,65,437"
"17,78,437"
"17,82,437"
"1,15,438"
"1,35,438"
"1,63,438"
"1,82,438"
"11,08,438"
"11,62,438"
"11,82,438"
"11,89,438"
"12,09,438"
"13,40,438"
"14,36,438"
"14,60,438"
"15,00,438"
"15,28,438"
"15,63,438"
"17,42,438"
"17,62,438"
"17,83,438"
"11,58,439"
"12,09,439"
"13,28,439"
"15,25,439"
"16,23,439"
"16,41,439"
"1,11,440"
"11,23,440"
"11,48,440"
"11,54,440"
"13,46,440"
"17,15,440"
"1,19,441"
"1,61,441"
"1,64,441"
"1,89,441"
"11,40,441"
"13,95,441"
"14,19,441"
"14,43,441"
"14,62,441"
"14,87,441"
"15,42,441"
"15,62,441"
"17,21,441"
"17,63,441"
"1,88,442"
"13,12,442"
"13,90,442"
"14,43,442"
"15,36,442"
"15,69,442"
"16,34,442"
"11,02,443"
"11,55,443"
"11,74,443"
"12,75,443"
"13,39,443"
"13,50,443"
"13,77,443"
"14,66,443"
"11,74,444"
"12,45,444"
"13,66,444"
"14,16,444"
"14,77,444"
"16,03,444"
"12,42,445"
"15,94,445"
"16,09,445"
"16,77,445"
"16,00,446"
"17,05,446"
"17,52,446"
"12,31,447"
"14,89,447"
"16,46,447"
"17,25,447"
"17,44,447"
"11,26,448"
"12,83,448"
"12,88,448"
"13,16,448"
"13,20,448"
"15,10,448"
"15,74,448"
"16,40,448"
"16,88,448"
"16,93,448"
"17,65,448"
"1,3,449"
"13,35,449"
"13,88,449"
"14,85,449"
"15,35,449"
"16,23,449"
"16,67,449"
"12,24,450"
"12,64,450"
"16,24,450"
"17,51,450"
"17,91,450"
"1,66,451"
"1,72,451"
"11,20,451"
"11,85,451"
"12,98,451"
"13,67,451"
"15,08,451"
"15,28,451"
"15,66,451"
"16,65,451"
"17,02,451"
"17,15,451"
"1,48,452"
"11,39,452"
"12,62,452"
"13,94,452"
"14,74,452"
"15,79,452"
"16,39,452"
"16,66,452"
"1,30,453"
"1,95,453"
"11,79,453"
"11,91,453"
"12,77,453"
"12,94,453"
"13,66,453"
"15,16,453"
"15,34,453"
"15,58,453"
"17,09,453"
"11,00,454"
"11,17,454"
"12,64,454"
"13,53,454"
"14,11,454"
"14,17,454"
"14,53,454"
"16,85,454"
"17,44,454"
"1,27,455"
"11,57,455"
"12,34,455"
"13,37,455"
"17,27,455"
"1,80,456"
"1,94,456"
"11,13,456"
"12,91,456"
"13,23,456"
"13,26,456"
"13,69,456"
"14,09,456"
"16,37,456"
"16,90,456"
"17,08,456"
"1,37,457"
"1,57,457"
"13,63,457"
"13,87,457"
"15,14,457"
"15,54,457"
"17,74,457"
"12,20,458"
"13,17,458"
"14,37,458"
"15,95,458"
"16,22,458"
"16,91,458"
"17,17,458"
"1,9,459"
"1,36,459"
"1,77,459"
"12,62,459"
"13,68,459"
"13,91,459"
"14,51,459"
"16,44,459"
"1,73,460"
"1,74,460"
"11,24,460"
"11,79,460"
"11,94,460"
"12,94,460"
"13,28,460"
"13,98,460"
"14,72,460"
"16,15,460"
"12,10,461"
"12,13,461"
"12,82,461"
"13,97,461"
"14,02,461"
"14,54,461"
"16,67,461"
"13,77,462"
"14,31,462"
"14,53,462"
"15,00,462"
"15,11,462"
"11,49,463"
"13,60,463"
"14,44,463"
"14,80,463"
"15,44,463"
"17,47,463"
"17,69,463"
"11,16,464"
"11,96,464"
"12,44,464"
"13,20,464"
"13,63,464"
"15,61,464"
"15,66,464"
"16,02,464"
"16,98,464"
"1,39,465"
"11,05,465"
"11,50,465"
"11,68,465"
"12,16,465"
"12,23,465"
"14,18,465"
"16,20,465"
"17,17,465"
"1,60,466"
"1,64,466"
"1,92,466"
"11,65,466"
"12,45,466"
"12,62,466"
"12,85,466"
"13,00,466"
"15,38,466"
"15,68,466"
"17,33,466"
"12,87,467"
"12,88,467"
"15,54,467"
"15,78,467"
"16,09,467"
"16,43,467"
"17,63,467"
"17,91,467"
"1,39,468"
"1,43,468"
"1,75,468"
"1,86,468"
"11,22,468"
"12,18,468"
"12,28,468"
"12,44,468"
"12,73,468"
"13,59,468"
"14,12,468"
"15,00,468"
"15,04,468"
"16,60,468"
"1,1,469"
"1,95,469"
"12,93,469"
"15,02,469"
"15,11,469"
"15,35,469"
"15,49,469"
"16,32,469"
"16,59,469"
"16,87,469"
"17,00,469"
"1,8,470"
"11,72,470"
"11,77,470"
"11,94,470"
"13,21,470"
"17,02,470"
"1,42,471"
"1,67,471"
"1,82,471"
"11,17,471"
"11,25,471"
"11,86,471"
"12,03,471"
"12,28,471"
"12,99,471"
"13,79,471"
"15,47,471"
"16,56,471"
"17,19,471"
"1,20,472"
"1,25,472"
"1,32,472"
"1,66,472"
"11,62,472"
"11,85,472"
"12,47,472"
"14,36,472"
"15,13,472"
"15,43,472"
"1,30,473"
"1,87,473"
"13,20,473"
"13,28,473"
"15,88,473"
"1,65,474"
"12,82,474"
"13,76,474"
"13,80,474"
"14,94,474"
"15,18,474"
"15,65,474"
"15,98,474"
"1,52,475"
"11,74,475"
"12,46,475"
"14,15,475"
"14,36,475"
"14,79,475"
"15,01,475"
"15,24,475"
"15,74,475"
"17,14,475"
"1,4,476"
"13,32,476"
"14,79,476"
"16,43,476"
"13,60,477"
"13,85,477"
"13,92,477"
"15,73,477"
"16,37,477"
"16,88,477"
"17,05,477"
"17,10,477"
"17,61,477"
"17,89,477"
"1,70,478"
"1,91,478"
"11,50,478"
"11,83,478"
"12,37,478"
"13,98,478"
"14,43,478"
"15,99,478"
"17,15,478"
"1,46,479"
"11,16,479"
"11,49,479"
"12,44,479"
"12,75,479"
"12,93,479"
"13,37,479"
"13,43,479"
"13,66,479"
"13,81,479"
"14,25,479"
"14,57,479"
"14,95,479"
"15,40,479"
"16,36,479"
"11,12,480"
"12,13,480"
"12,45,480"
"14,02,480"
"14,31,480"
"14,67,480"
"16,37,480"
"17,46,480"
"1,70,481"
"14,67,481"
"14,71,481"
"15,10,481"
"15,87,481"
"16,11,481"
"16,14,481"
"16,48,481"
"16,60,481"
"16,76,481"
"17,61,481"
"14,40,482"
"16,48,482"
"11,64,483"
"12,04,483"
"14,18,483"
"14,23,483"
"1,81,484"
"15,55,484"
"17,06,484"
"1,20,485"
"12,28,485"
"14,17,485"
"15,35,485"
"1,65,486"
"11,27,486"
"11,62,486"
"11,82,486"
"12,64,486"
"12,85,486"
"13,83,486"
"16,13,486"
"16,45,486"
"16,48,486"
"16,65,486"
"17,27,486"
"17,59,486"
"17,89,486"
"11,77,487"
"12,60,487"
"13,23,487"
"13,39,487"
"13,74,487"
"14,23,487"
"15,25,487"
"15,50,487"
"17,93,487"
"11,50,488"
"12,91,488"
"13,09,488"
"15,97,488"
"16,08,488"
"16,12,488"
"1,18,489"
"1,83,489"
"12,45,489"
"12,89,489"
"13,03,489"
"13,70,489"
"13,72,489"
"13,88,489"
"14,92,489"
"15,23,489"
"1,61,490"
"1,96,490"
"12,08,490"
"16,45,490"
"11,15,491"
"11,48,491"
"13,10,491"
"13,50,491"
"14,03,491"
"15,20,491"
"11,07,492"
"13,95,492"
"16,19,492"
"17,01,492"
"1,61,493"
"1,73,493"
"11,27,493"
"13,21,493"
"13,54,493"
"13,55,493"
"13,80,493"
"14,89,493"
"15,34,493"
"15,36,493"
"17,05,493"
"11,08,494"
"11,59,494"
"13,18,494"
"14,33,494"
"15,37,494"
"16,67,494"
"16,85,494"
"1,4,495"
"1,54,495"
"11,06,495"
"11,78,495"
"11,88,495"
"13,00,495"
"13,50,495"
"13,64,495"
"14,17,495"
"14,35,495"
"14,59,495"
"17,29,495"
"17,85,495"
"1,80,496"
"11,01,496"
"11,33,496"
"11,46,496"
"11,59,496"
"11,94,496"
"12,52,496"
"14,31,496"
"14,48,496"
"14,50,496"
"16,92,496"
"17,29,496"
"17,85,496"
"1,46,497"
"1,71,497"
"1,78,497"
"12,75,497"
"14,80,497"
"1,28,498"
"1,35,498"
"11,03,498"
"12,95,498"
"13,41,498"
"14,06,498"
"14,46,498"
"14,79,498"
"15,30,498"
"15,57,498"
"15,68,498"
"17,34,498"
"1,10,499"
"1,45,499"
"11,39,499"
"11,88,499"
"12,01,499"
"12,34,499"
"12,65,499"
"12,66,499"
"12,77,499"
"14,36,499"
"14,96,499"
"15,04,499"
"16,50,499"
"11,01,500"
"11,36,500"
"11,74,500"
"13,92,500"
"14,00,500"
"14,65,500"
"15,79,500"
"15,88,500"
"16,01,500"
"16,20,500"
"17,10,500"
"17,70,500"
"1,1,501"
"11,99,501"
"13,13,501"
"14,15,501"
"14,80,501"
"15,71,501"
"16,23,501"
"16,34,501"
"16,61,501"
"11,10,502"
"11,97,502"
"12,02,502"
"14,60,502"
"15,46,502"
"15,90,502"
"1,66,503"
"1,90,503"
"11,29,503"
"15,36,503"
"16,48,503"
"17,32,503"
"17,52,503"
"1,1,504"
"1,25,504"
"12,04,504"
"12,09,504"
"13,97,504"
"14,55,504"
"14,78,504"
"15,04,504"
"15,07,504"
"17,68,504"
"17,80,504"
"1,95,505"
"11,43,505"
"11,66,505"
"12,54,505"
"13,51,505"
"13,76,505"
"15,84,505"
"17,16,505"
"17,57,505"
"17,74,505"
"1,95,506"
"11,16,506"
"13,49,506"
"13,79,506"
"14,04,506"
"14,47,506"
"15,66,506"
"17,16,506"
"17,48,506"
"1,42,507"
"11,16,507"
"11,96,507"
"14,18,507"
"14,23,507"
"14,69,507"
"16,01,507"
"17,26,507"
"1,71,508"
"11,73,508"
"12,06,508"
"13,66,508"
"16,25,508"
"1,29,509"
"1,35,509"
"1,99,509"
"11,98,509"
"12,93,509"
"13,05,509"
"13,69,509"
"14,19,509"
"14,43,509"
"14,68,509"
"15,40,509"
"15,50,509"
"16,37,509"
"16,43,509"
"16,64,509"
"11,16,510"
"11,19,510"
"12,14,510"
"14,65,510"
"16,44,510"
"17,02,510"
"11,21,511"
"12,46,511"
"12,58,511"
"12,83,511"
"13,32,511"
"13,55,511"
"13,68,511"
"13,99,511"
"14,04,511"
"14,44,511"
"14,78,511"
"15,44,511"
"16,02,511"
"17,22,511"
"17,62,511"
"1,98,512"
"12,08,512"
"13,57,512"
"14,12,512"
"15,22,512"
"17,53,512"
"1,28,513"
"1,47,513"
"1,49,513"
"1,58,513"
"1,70,513"
"11,05,513"
"11,18,513"
"11,28,513"
"11,36,513"
"12,29,513"
"12,45,513"
"13,90,513"
"14,05,513"
"14,34,513"
"15,40,513"
"17,11,513"
"12,64,514"
"13,35,514"
"13,63,514"
"14,75,514"
"1,43,515"
"11,74,515"
"11,95,515"
"12,03,515"
"13,13,515"
"13,15,515"
"14,36,515"
"15,86,515"
"16,34,515"
"17,18,515"
"17,55,515"
"1,10,516"
"1,29,516"
"12,16,516"
"14,66,516"
"14,96,516"
"15,16,516"
"16,63,516"
"12,72,517"
"13,22,517"
"14,30,517"
"15,24,517"
"15,78,517"
"16,44,517"
"17,52,517"
"17,74,517"
"17,98,517"
"11,80,518"
"12,27,518"
"12,31,518"
"12,57,518"
"13,01,518"
"14,55,518"
"15,31,518"
"15,50,518"
"1,83,519"
"11,55,519"
"13,24,519"
"13,60,519"
"15,68,519"
"12,00,520"
"13,54,520"
"14,68,520"
"1,38,521"
"12,44,521"
"13,60,521"
"15,13,521"
"15,44,521"
"15,92,521"
"17,57,521"
"11,72,522"
"13,24,522"
"13,27,522"
"15,35,522"
"15,82,522"
"1,52,523"
"11,02,523"
"11,21,523"
"12,04,523"
"12,12,523"
"12,26,523"
"13,30,523"
"16,11,523"
"16,40,523"
"13,16,524"
"13,19,524"
"14,18,524"
"14,50,524"
"15,10,524"
"15,57,524"
"15,62,524"
"15,98,524"
"16,66,524"
"13,22,525"
"14,43,525"
"15,22,525"
"15,31,525"
"15,32,525"
"15,84,525"
"16,49,525"
"17,21,525"
"11,36,526"
"12,18,526"
"13,18,526"
"13,97,526"
"15,52,526"
"11,64,527"
"11,76,527"
"13,07,527"
"13,53,527"
"14,21,527"
"17,09,527"
"17,20,527"
"1,69,528"
"11,20,528"
"11,68,528"
"12,53,528"
"14,79,528"
"15,26,528"
"17,20,528"
"17,69,528"
"1,93,529"
"11,19,529"
"11,72,529"
"13,08,529"
"13,36,529"
"15,17,529"
"16,35,529"
"17,39,529"
"1,49,530"
"11,41,530"
"12,79,530"
"14,27,530"
"15,41,530"
"15,62,530"
"12,04,531"
"12,64,531"
"12,70,531"
"12,89,531"
"12,99,531"
"14,60,531"
"16,74,531"
"17,04,531"
"11,28,532"
"11,87,532"
"12,74,532"
"12,95,532"
"14,61,532"
"17,25,532"
"17,47,532"
"17,96,532"
"11,17,533"
"11,30,533"
"12,16,533"
"15,26,533"
"15,68,533"
"15,71,533"
"15,99,533"
"16,24,533"
"16,64,533"
"12,81,534"
"14,18,534"
"14,32,534"
"15,12,534"
"16,51,534"
"12,25,535"
"12,99,535"
"13,11,535"
"13,68,535"
"13,77,535"
"15,10,535"
"16,76,535"
"16,97,535"
"17,72,535"
"1,55,536"
"11,15,536"
"12,41,536"
"13,15,536"
"16,06,536"
"17,35,536"
"17,59,536"
"1,80,537"
"11,39,537"
"11,42,537"
"11,43,537"
"12,34,537"
"12,41,537"
"14,00,537"
"15,57,537"
"17,28,537"
"17,38,537"
"1,39,538"
"1,42,538"
"11,49,538"
"13,14,538"
"13,21,538"
"14,10,538"
"11,35,539"
"11,92,539"
"13,23,539"
"13,48,539"
"14,08,539"
"15,16,539"
"15,43,539"
"16,94,539"
"1,74,540"
"1,75,540"
"11,40,540"
"11,93,540"
"12,16,540"
"12,51,540"
"12,94,540"
"13,70,540"
"14,18,540"
"15,37,540"
"17,62,540"
"17,85,540"
"11,10,541"
"13,80,541"
"14,96,541"
"16,09,541"
"17,19,541"
"17,41,541"
"1,13,542"
"1,62,542"
"11,77,542"
"11,88,542"
"11,98,542"
"12,35,542"
"13,57,542"
"14,99,542"
"15,87,542"
"16,00,542"
"16,90,542"
"1,79,543"
"1,85,543"
"12,55,543"
"13,05,543"
"13,11,543"
"13,31,543"
"15,24,543"
"16,69,543"
"17,02,543"
"1,30,544"
"1,36,544"
"12,94,544"
"14,91,544"
"15,74,544"
"16,28,544"
"16,31,544"
"16,83,544"
"11,18,545"
"11,38,545"
"13,27,545"
"14,42,545"
"15,94,545"
"16,85,545"
"1,66,546"
"12,10,546"
"12,12,546"
"13,82,546"
"14,72,546"
"15,14,546"
"11,37,547"
"12,28,547"
"12,75,547"
"12,82,547"
"12,98,547"
"13,51,547"
"14,25,547"
"15,24,547"
"16,35,547"
"17,15,547"
"17,99,547"
"1,0,548"
"1,37,548"
"1,53,548"
"1,62,548"
"11,06,548"
"13,26,548"
"13,74,548"
"14,51,548"
"14,86,548"
"17,81,548"
"17,89,548"
"1,86,549"
"1,88,549"
"11,61,549"
"11,69,549"
"13,73,549"
"15,00,549"
"15,13,549"
"16,65,549"
"17,31,549"
"17,69,549"
"1,21,550"
"1,64,550"
"11,58,550"
"11,84,550"
"12,39,550"
"14,45,550"
"14,53,550"
"15,31,550"
"15,90,550"
"17,44,550"
"17,60,550"
"1,0,551"
"1,22,551"
"11,16,551"
"13,19,551"
"13,35,551"
"13,67,551"
"15,62,551"
"11,37,552"
"11,61,552"
"12,77,552"
"12,82,552"
"13,00,552"
"14,12,552"
"14,80,552"
"14,90,552"
"14,94,552"
"14,96,552"
"15,41,552"
"15,81,552"
"11,24,553"
"11,85,553"
"13,30,553"
"14,45,553"
"16,12,553"
"1,17,554"
"1,42,554"
"12,27,554"
"12,93,554"
"12,94,554"
"13,03,554"
"13,81,554"
"14,30,554"
"15,66,554"
"16,89,554"
"1,39,555"
"1,46,555"
"12,04,555"
"13,25,555"
"15,13,555"
"16,14,555"
"1,35,556"
"11,26,556"
"13,91,556"
"14,35,556"
"14,37,556"
"14,60,556"
"15,10,556"
"15,77,556"
"17,19,556"
"17,49,556"
"1,71,557"
"11,10,557"
"11,27,557"
"11,39,557"
"11,58,557"
"12,31,557"
"13,73,557"
"15,08,557"
"1,43,558"
"1,77,558"
"1,80,558"
"11,20,558"
"11,90,558"
"12,78,558"
"13,14,558"
"13,69,558"
"14,36,558"
"14,73,558"
"16,61,558"
"17,14,558"
"17,64,558"
"17,66,558"
"1,45,559"
"1,85,559"
"12,40,559"
"13,00,559"
"13,16,559"
"14,14,559"
"14,53,559"
"14,64,559"
"15,58,559"
"16,70,559"
"16,81,559"
"1,38,560"
"11,07,560"
"11,60,560"
"11,68,560"
"11,99,560"
"14,05,560"
"14,83,560"
"16,71,560"
"17,01,560"
"17,81,560"
"17,82,560"
"15,18,561"
"17,04,561"
"17,20,561"
"17,50,561"
"17,55,561"
"1,17,562"
"11,16,562"
"12,13,562"
"13,17,562"
"13,65,562"
"14,66,562"
"15,58,562"
"16,20,562"
"13,50,563"
"13,68,563"
"14,73,563"
"16,12,563"
"16,57,563"
"1,50,564"
"11,81,564"
"13,45,564"
"13,49,564"
"15,30,564"
"15,59,564"
"16,36,564"
"17,11,564"
"17,24,564"
"1,68,565"
"11,43,565"
"11,81,565"
"12,21,565"
"12,65,565"
"12,93,565"
"14,38,565"
"14,41,565"
"15,63,565"
"15,70,565"
"16,34,565"
"16,49,565"
"16,68,565"
"11,41,566"
"11,47,566"
"17,17,566"
"17,29,566"
"1,78,567"
"12,74,567"
"12,77,567"
"13,86,567"
"14,39,567"
"14,45,567"
"14,78,567"
"15,68,567"
"16,42,567"
"16,83,567"
"11,00,568"
"11,17,568"
"11,22,568"
"11,28,568"
"11,54,568"
"11,61,568"
"12,53,568"
"12,84,568"
"15,61,568"
"15,82,568"
"16,78,568"
"1,35,569"
"1,47,569"
"11,10,569"
"11,18,569"
"11,61,569"
"12,50,569"
"13,26,569"
"14,18,569"
"14,40,569"
"15,20,569"
"1,45,570"
"12,07,570"
"12,12,570"
"12,14,570"
"13,10,570"
"13,89,570"
"13,95,570"
"14,80,570"
"16,65,570"
"16,95,570"
"17,14,570"
"17,83,570"
"1,29,571"
"1,49,571"
"12,58,571"
"13,43,571"
"13,91,571"
"14,22,571"
"14,36,571"
"15,18,571"
"15,37,571"
"15,86,571"
"16,53,571"
"1,11,572"
"1,20,572"
"1,29,572"
"1,88,572"
"13,27,572"
"13,69,572"
"14,09,572"
"14,91,572"
"14,97,572"
"17,10,572"
"17,81,572"
"1,4,573"
"12,49,573"
"12,90,573"
"13,36,573"
"13,94,573"
"14,01,573"
"14,79,573"
"15,52,573"
"17,09,573"
"17,60,573"
"11,10,574"
"11,27,574"
"11,34,574"
"11,65,574"
"14,25,574"
"15,17,574"
"12,02,575"
"14,44,575"
"15,76,575"
"1,35,576"
"1,55,576"
"1,85,576"
"11,25,576"
"11,87,576"
"13,00,576"
"13,45,576"
"13,53,576"
"15,04,576"
"15,14,576"
"13,58,577"
"13,61,577"
"14,20,577"
"14,45,577"
"15,83,577"
"15,90,577"
"17,88,577"
"11,61,578"
"12,66,578"
"12,78,578"
"12,92,578"
"13,11,578"
"13,82,578"
"14,39,578"
"14,67,578"
"16,18,578"
"17,14,578"
"1,38,579"
"11,27,579"
"11,35,579"
"12,57,579"
"12,96,579"
"13,00,579"
"14,65,579"
"15,65,579"
"15,69,579"
"15,93,579"
"1,12,580"
"14,34,580"
"14,79,580"
"16,50,580"
"12,39,581"
"12,97,581"
"13,11,581"
"15,44,581"
"15,90,581"
"16,36,581"
"16,51,581"
"11,93,582"
"14,79,582"
"16,07,582"
"16,54,582"
"16,72,582"
"1,63,583"
"11,23,583"
"12,13,583"
"14,36,583"
"1,33,584"
"1,55,584"
"1,84,584"
"11,46,584"
"12,56,584"
"13,84,584"
"14,45,584"
"14,86,584"
"15,21,584"
"15,62,584"
"15,91,584"
"16,33,584"
"16,81,584"
"17,00,584"
"17,38,584"
"17,79,584"
"1,38,585"
"12,38,585"
"14,59,585"
"15,40,585"
"15,50,585"
"16,03,585"
"16,39,585"
"17,01,585"
"17,61,585"
"12,23,586"
"14,56,586"
"15,41,586"
"16,03,586"
"16,93,586"
"17,02,586"
"11,14,587"
"11,52,587"
"12,26,587"
"12,57,587"
"12,71,587"
"12,97,587"
"14,33,587"
"14,42,587"
"15,13,587"
"15,50,587"
"17,29,587"
"11,97,588"
"12,31,588"
"12,65,588"
"12,90,588"
"12,93,588"
"15,20,588"
"15,88,588"
"17,37,588"
"17,94,588"
"1,83,589"
"11,31,589"
"13,31,589"
"13,86,589"
"14,89,589"
"15,13,589"
"15,81,589"
"15,96,589"
"16,70,589"
"17,18,589"
"17,39,589"
"12,83,590"
"13,77,590"
"13,87,590"
"14,35,590"
"17,70,590"
"11,56,591"
"13,26,591"
"13,32,591"
"13,35,591"
"14,46,591"
"1,10,592"
"12,12,592"
"12,24,592"
"12,83,592"
"12,96,592"
"13,39,592"
"14,42,592"
"17,28,592"
"1,68,593"
"12,26,593"
"13,26,593"
"13,65,593"
"13,87,593"
"13,94,593"
"14,35,593"
"15,39,593"
"11,03,594"
"11,32,594"
"11,48,594"
"12,13,594"
"14,12,594"
"14,29,594"
"17,86,594"
"17,91,594"
"1,53,595"
"1,64,595"
"12,10,595"
"13,06,595"
"13,45,595"
"13,58,595"
"14,05,595"
"17,97,595"
"1,32,596"
"1,46,596"
"1,55,596"
"11,30,596"
"12,45,596"
"12,63,596"
"12,91,596"
"13,65,596"
"13,66,596"
"13,71,596"
"14,31,596"
"14,47,596"
"14,97,596"
"1,36,597"
"1,53,597"
"1,68,597"
"11,05,597"
"12,13,597"
"13,22,597"
"13,28,597"
"13,55,597"
"14,58,597"
"16,79,597"
"17,59,597"
"1,16,598"
"1,25,598"
"11,64,598"
"14,10,598"
"14,96,598"
"14,98,598"
"15,93,598"
"16,03,598"
"16,53,598"
"16,56,598"
"17,47,598"
"1,11,599"
"1,91,599"
"14,13,599"
"14,19,599"
"14,59,599"
"14,67,599"
"14,78,599"
"15,12,599"
"15,72,599"
"16,20,599"
"17,42,599"
